﻿<?xml version="1.0" encoding="utf-8"?>
<ApplicationManifest xmlns:xsd="http://www.w3.org/2001/XMLSchema" xmlns:xsi="http://www.w3.org/2001/XMLSchema-instance" ApplicationTypeName="ChatType" ApplicationTypeVersion="1.0.0" xmlns="http://schemas.microsoft.com/2011/01/fabric">
   <Parameters>
      <Parameter Name="ChatService_MinReplicaSetSize" DefaultValue="2" />
      <Parameter Name="ChatService_PartitionCount" DefaultValue="1" />
      <Parameter Name="ChatService_TargetReplicaSetSize" DefaultValue="3" />
      <Parameter Name="ChatWeb_InstanceCount" DefaultValue="1" />
   </Parameters>
   <ServiceManifestImport>
      <ServiceManifestRef ServiceManifestName="ChatWeb" ServiceManifestVersion="1.0.0" />
   </ServiceManifestImport>
   <ServiceManifestImport>
      <ServiceManifestRef ServiceManifestName="ChatServicePkg" ServiceManifestVersion="1.0.0" />
      <ConfigOverrides />
   </ServiceManifestImport>
   <DefaultServices>
      <Service Name="ChatWebService">
         <StatelessService ServiceTypeName="ChatWebType" InstanceCount="[ChatWeb_InstanceCount]">
            <SingletonPartition />
         </StatelessService>
      </Service>
      <Service Name="ChatService">
         <StatefulService ServiceTypeName="ChatServiceType" TargetReplicaSetSize="[ChatService_TargetReplicaSetSize]" MinReplicaSetSize="[ChatService_MinReplicaSetSize]">
            <UniformInt64Partition PartitionCount="[ChatService_PartitionCount]" LowKey="-9223372036854775808" HighKey="9223372036854775807" />
         </StatefulService>
      </Service>
   </DefaultServices>
</ApplicationManifest>