﻿<?xml version="1.0" encoding="utf-8"?>
<ServiceManifest xmlns:xsd="http://www.w3.org/2001/XMLSchema" xmlns:xsi="http://www.w3.org/2001/XMLSchema-instance" Name="ChatWeb" Version="1.0.0" xmlns="http://schemas.microsoft.com/2011/01/fabric">
   <ServiceTypes>
      <StatelessServiceType ServiceTypeName="ChatWebType">
         <Extensions>
            <Extension Name="__GeneratedServiceType__">
               <GeneratedNames xmlns="http://schemas.microsoft.com/2015/03/fabact-no-schema">
                  <DefaultService Name="ChatWebService" />
                  <ServiceEndpoint Name="ChatWebTypeEndpoint" />
               </GeneratedNames>
            </Extension>
         </Extensions>
      </StatelessServiceType>
   </ServiceTypes>
   <CodePackage Name="C" Version="1.0.0">
      <EntryPoint>
         <ExeHost>
            <Program>approot\runtimes\dnx-clr-win-x64.1.0.0-rc1-final\bin\dnx.exe</Program>
            <Arguments>--appbase approot\src\ChatWeb Microsoft.Dnx.ApplicationHost Microsoft.ServiceFabric.AspNet.Hosting --server Microsoft.AspNet.Server.WebListener</Arguments>
            <WorkingFolder>CodePackage</WorkingFolder>
            <ConsoleRedirection FileRetentionCount="5" FileMaxSizeInKb="2048" />
         </ExeHost>
      </EntryPoint>
   </CodePackage>
   <Resources>
      <Endpoints>
         <Endpoint Name="ChatWebTypeEndpoint" Protocol="http" Type="Input" Port="80" />
      </Endpoints>
   </Resources>
</ServiceManifest>